ESPECE;gel;arachide;mil;jachere
RENDEMENT_MOYEN;NA;1.2;0.9;0.0
RENDEMENT_MIN;NA;0.6;0.4;0.0
RENDEMENT_OPTIMAL;0;2.5;1.8;0.0
COULEUR_R;0;181;194;124
COULEUR_V;0;101;178;168
COULEUR_B;0;29;128;86
Tbase;0;10;8;8
Tmax;22;38;42;40
DEGRES_J_LevTbase;1000;120;90;80
DEGRES_J_Flor;2000;600;550;80
DEGRES_J_matPhyTbase;0;1500;1400;80
FREIN;1;0.8;0.9;0.6
CRACINE;10;1.2;1.5;1.8
CVIG;0.9;0.9;1.1;0.7
KMAX;1.25;0.75;0.85;0.65
CSTO;1;0.3;0.25;0.2
coeff_Fonction_Prod;3;1.0;1.0;0.0
NA_col19;NA;NA;NA;NA
NA_col20;NA;NA;NA;NA
NA_col21;NA;NA;NA;NA
NA_col22;NA;NA;NA;NA
NA_col23;NA;NA;NA;NA
NA_col24;NA;NA;NA;NA
NA_col25;NA;NA;NA;NA
NA_col26;NA;NA;NA;NA
NA_col27;NA;NA;NA;NA
NA_col28;NA;NA;NA;NA
NA_col29;NA;NA;NA;NA
NA_col30;NA;NA;NA;NA
NA_col31;NA;NA;NA;NA
NA_col32;NA;NA;NA;NA
NA_col33;NA;NA;NA;NA
NA_col34;NA;NA;NA;NA
NA_col35;NA;NA;NA;NA
NA_col36;NA;NA;NA;NA
NA_col37;NA;NA;NA;NA
NA_col38;NA;NA;NA;NA
NA_col39;NA;NA;NA;NA
NA_col40;NA;NA;NA;NA
NA_col41;NA;NA;NA;NA
NA_col42;NA;NA;NA;NA
NA_col43;NA;NA;NA;NA
NA_col44;NA;NA;NA;NA
ZonesClimatiques;0;0;0;0
BESOIN_N;0;40;60;20
DEBUT_BESOIN_N;0;300;250;200
FREIN_BESOIN_N;0;0.7;1.0;0.5
PRE_FLO_BESOIN_N;0;0.5;0.6;NA
PRE_MAT_BESOIN_N;0;0.3;0.3;NA
Tms;0;NA;NA;NA
NA_col52;NA;NA;NA;NA
NA_col53;NA;NA;NA;NA
NA_col54;NA;NA;NA;NA
NA_col55;NA;NA;NA;NA
C_aer;0;0.45;0.46;0.47
C_rac;0;0.42;0.43;0.45
NA_col58;NA;NA;NA;NA
NA_col59;NA;NA;NA;NA
isLEG;FALSE;TRUE;FALSE;FALSE
ABSCISSION;NA;1;1;1
isCouvert;FALSE;FALSE;FALSE;TRUE
HI;0;0.35;0.30;0.0
Pse;0;0.45;0.50;0.55
beta;0;0.8;0.9;0.5
SR_ratio;0;0.9;1.2;1.5
RootC_fixed;0;0.35;0.40;0.45
CN_ratio;0;25;45;40
adil;0;4.5;2.8;2.5
bdil;0;0.33;0.40;0.45
Type_Nacq;0;CI;Cst;Cst
a_Ndemand_ci;0;1.0;NA;NA
b_Ndemand_ci;0;1.2;NA;NA
coef_500Mat;0;1;1;NA
Dde;0;90;85;365
N_grain;0;4.5;1.7;0.0
especeRepousse;NA;0;0;1
BESOIN_Ntot;NA;60;80;30
PROF_MAX_RACINE;200;120;150;180
date_maj;19/06/2023;09/02/2026;09/02/2026;09/02/2026