NOM_ITK_AFFICHAGE;X.;gel;arachide_precMil;arachide_precMil.1;arachide_precMil.2;arachide_precJachere;jachere_precMil;jachere_precArachide;mil_precArachide;mil_precMil;arachide_precJachere__dior_cc_sans_arbr__sans_UTL;mil_precArachide__dior_cc_sans_arbr__sans_UTL;jachere_precMil__dior_cc_sans_arbr__sans_UTL;mil_precArachide__dior_cc_avec_arbr__sans_UTL;arachide_precMil__dior_cc_avec_arbr__sans_UTL;jachere_precArachide__dior_cc_avec_arbr__sans_UTL;arachide_precJachere__dior_cc_avec_arbr__sans_UTL;arachide_precJachere__dekkMbel_cb_avec_arbr__sans_UTL;mil_precArachide__dekkMbel_cb_avec_arbr__sans_UTL;jachere_precMil__dekkMbel_cb_avec_arbr__sans_UTL;arachide_precJachere__dior_cb_avec_arbr__sans_UTL;mil_precArachide__dior_cb_avec_arbr__sans_UTL;jachere_precMil__dior_cb_avec_arbr__sans_UTL;arachide_precJachere__dior_cb_avec_arbr__avec_UTL;mil_precArachide__dior_cb_avec_arbr__avec_UTL;jachere_precMil__dior_cb_avec_arbr__avec_UTL;mil_precArachide__dekk_cb_sans_arbr__sans_UTL;arachide_precMil__dekk_cb_sans_arbr__sans_UTL;jachere_precArachide__dekk_cb_sans_arbr__sans_UTL;arachide_precJachere__dekk_cb_sans_arbr__sans_UTL;arachide_precMil__dior_cb_avec_arbr__sans_UTL;jachere_precArachide__dior_cb_avec_arbr__sans_UTL;mil_precArachide__dior_cb_sans_arbr__sans_UTL;arachide_precMil__dior_cb_sans_arbr__sans_UTL;jachere_precArachide__dior_cb_sans_arbr__sans_UTL;arachide_precJachere__dior_cb_sans_arbr__sans_UTL
ID_ITK;[NA];gel_tous_tous_NA;arachide_precMil;arachide_precMil;arachide_precMil;arachide_precJachere;jachere_precMil;jachere_precArachide;mil_precArachide;mil_precMil;arachide_precJachere__dior_cc_sans_arbr__sans_UTL;mil_precArachide__dior_cc_sans_arbr__sans_UTL;jachere_precMil__dior_cc_sans_arbr__sans_UTL;mil_precArachide__dior_cc_avec_arbr__sans_UTL;arachide_precMil__dior_cc_avec_arbr__sans_UTL;jachere_precArachide__dior_cc_avec_arbr__sans_UTL;arachide_precJachere__dior_cc_avec_arbr__sans_UTL;arachide_precJachere__dekkMbel_cb_avec_arbr__sans_UTL;mil_precArachide__dekkMbel_cb_avec_arbr__sans_UTL;jachere_precMil__dekkMbel_cb_avec_arbr__sans_UTL;arachide_precJachere__dior_cb_avec_arbr__sans_UTL;mil_precArachide__dior_cb_avec_arbr__sans_UTL;jachere_precMil__dior_cb_avec_arbr__sans_UTL;arachide_precJachere__dior_cb_avec_arbr__avec_UTL;mil_precArachide__dior_cb_avec_arbr__avec_UTL;jachere_precMil__dior_cb_avec_arbr__avec_UTL;mil_precArachide__dekk_cb_sans_arbr__sans_UTL;arachide_precMil__dekk_cb_sans_arbr__sans_UTL;jachere_precArachide__dekk_cb_sans_arbr__sans_UTL;arachide_precJachere__dekk_cb_sans_arbr__sans_UTL;arachide_precMil__dior_cb_avec_arbr__sans_UTL;jachere_precArachide__dior_cb_avec_arbr__sans_UTL;mil_precArachide__dior_cb_sans_arbr__sans_UTL;arachide_precMil__dior_cb_sans_arbr__sans_UTL;jachere_precArachide__dior_cb_sans_arbr__sans_UTL;arachide_precJachere__dior_cb_sans_arbr__sans_UTL
IDS_SDCS;[NA];*;*;*;*;*;*;*;*;*;*;*;*;*;*;*;*;*;*;*;*;*;*;*;*;*;*;*;*;*;*;*;*;*;*;*
IDS_SDCS_CLASS;[NA];*;*;*;*;*;*;*;*;*;*;*;*;*;*;*;*;*;*;*;*;*;*;*;*;*;*;*;*;*;*;*;*;*;*;*
ID_ESPECE;[NA];gel;arachide;arachide;arachide;arachide;jachere;jachere;mil;mil;arachide;mil;jachere;mil;arachide;jachere;arachide;arachide;mil;jachere;arachide;mil;jachere;arachide;mil;jachere;mil;arachide;jachere;arachide;arachide;jachere;mil;arachide;jachere;arachide
MATERIEL;[NA];*;;;;;;;;;NA;NA;NA;NA;NA;NA;NA;NA;NA;NA;NA;NA;NA;NA;NA;NA;NA;NA;NA;NA;NA;NA;NA;NA;NA;NA
ID_PREC;[NA];*;mil;mil;mil;jachere;mil;arachide;arachide;mil;jachere;arachide;mil;arachide;mil;arachide;jachere;jachere;arachide;mil;jachere;arachide;mil;jachere;arachide;mil;arachide;mil;arachide;jachere;mil;arachide;arachide;mil;arachide;jachere
ZONE_PEDO;[NA];*;;dior_cc_avec_arbr;dior_cc_avec_arbr;;;;;;dior_cc_sans_arbr;dior_cc_sans_arbr;dior_cc_sans_arbr;dior_cc_avec_arbr;dior_cc_avec_arbr;dior_cc_avec_arbr;dior_cc_avec_arbr;dekkMbel_cb_avec_arbr;dekkMbel_cb_avec_arbr;dekkMbel_cb_avec_arbr;dior_cb_avec_arbr;dior_cb_avec_arbr;dior_cb_avec_arbr;dior_cb_avec_arbr;dior_cb_avec_arbr;dior_cb_avec_arbr;dekk_cb_sans_arbr;dekk_cb_sans_arbr;dekk_cb_sans_arbr;dekk_cb_sans_arbr;dior_cb_avec_arbr;dior_cb_avec_arbr;dior_cb_sans_arbr;dior_cb_sans_arbr;dior_cb_sans_arbr;dior_cb_sans_arbr
ZONE_PEDO_CLASS;[NA];tous;;;;;;;;;;;;;;;;;;;;;;;;;;;;;;;;;;
TYPE_EXPL;[NA];all;all;avec_UTL;sans_UTL;all;all;all;all;all;sans_UTL;sans_UTL;sans_UTL;sans_UTL;sans_UTL;sans_UTL;sans_UTL;sans_UTL;sans_UTL;sans_UTL;sans_UTL;sans_UTL;sans_UTL;avec_UTL;avec_UTL;avec_UTL;sans_UTL;sans_UTL;sans_UTL;sans_UTL;sans_UTL;sans_UTL;sans_UTL;sans_UTL;sans_UTL;sans_UTL
CLIMAT;[NA];;;;;;;;;;;;;;;;;;;;;;;;;;;;;;;;;;;
IS_CULTURE_HIVER;[NA];O;N;N;N;N;N;N;N;N;N;N;N;N;N;N;N;N;N;N;N;N;N;N;N;N;N;N;N;N;N;N;N;N;N;N
IS_PREPA;[NA];N;O;O;O;O;O;O;O;O;O;O;O;O;O;O;O;O;O;O;O;O;O;O;O;O;O;O;O;O;O;O;O;O;O;O
PREPA_PASSAGES;[NA];;;;;;;;;;;;;;;;;;;;;;;;;;;;;;;;;;;
PREPA_OUTIL;[nom];;;;;;;;;;;;;;;;;;;;;;;;;;;;;;;;;;;
PREPA_AGRIW;[bool];;;;;;;;;;;;;;;;;;;;;;;;;;;;;;;;;;;
PREPA_NB_SOUS_PERIODES;[NA];;;;;;;;;;;;;;;;;;;;;;;;;;;;;;;;;;;
PREPA_TEMPS;[Ha/h];;0.0417;0.0417;0.0417;0.0417;0.0417;0.0417;0.0417;0.0417;0.0417;0.0417;0.0417;0.0417;0.0417;0.0417;0.0417;0.0417;0.0417;0.0417;0.0417;0.0417;0.0417;0.0417;0.0417;0.0417;0.0417;0.0417;0.0417;0.0417;0.0417;0.0417;0.0417;0.0417;0.0417;0.0417
PREPA_DEBUT;[jour];;121;121;121;121;121;121;121;121;121;121;121;121;121;121;121;121;121;121;121;121;121;121;121;121;121;121;121;121;121;121;121;121;121;121
PREPA_FIN;[jour];;151;151;151;151;151;151;151;151;151;151;151;151;151;151;151;151;151;151;151;151;151;151;151;151;151;151;151;151;151;151;151;151;151;151
PREPA_JOURS_P-ETP_MIN;[jour];;;;;;;;;;;;;;;;;;;;;;;;;;;;;;;;;;;
PREPA_P-ETP_MIN;[mm];;;;;;;;;;;;;;;;;;;;;;;;;;;;;;;;;;;
PREPA_JOURS_PLUIE;[jour];;;;;;;;;;;;;;;;;;;;;;;;;;;;;;;;;;;
PREPA_HAUTEURS_PLUIE_MAX;[mm];;;;;;;;;;;;;;;;;;;;;;;;;;;;;;;;;;;
PREPA_HUMIDITE_SOL_MAX;[%];;;;;;;;;;;;;;;;;;;;;;;;;;;;;;;;;;;
PREPA_EFFET_RUs;[NA];;;;;;;;;;;;;;;;;;;;;;;;;;;;;;;;;;;
PREPA_TEMPERATURE_MIN;[C];N;;;;;;;;;;;;;;;;;;;;;;;;;;;;;;;;;;
PREPA_JOURS_TEMP_MIN;[jour];N;;;;;;;;;;;;;;;;;;;;;;;;;;;;;;;;;;
PREPA_TEMPERATURE_MAX;[C];N;;;;;;;;;;;;;;;;;;;;;;;;;;;;;;;;;;
PREPA_JOURS_TEMP_MAX;[jour];N;;;;;;;;;;;;;;;;;;;;;;;;;;;;;;;;;;
PREPA_TEMPERATURE_MAX_INF;[C];N;;;;;;;;;;;;;;;;;;;;;;;;;;;;;;;;;;
PREPA_JOURS_TEMP_MAX_INF;[jour];N;;;;;;;;;;;;;;;;;;;;;;;;;;;;;;;;;;
IS_REPRISE;[NA];N;N;N;N;N;N;N;N;N;N;N;N;N;N;N;N;N;N;N;N;N;N;N;N;N;N;N;N;N;N;N;N;N;N;N
REPRISE_PASSAGES;[NA];;;;;;;;;;;;;;;;;;;;;;;;;;;;;;;;;;;
REPRISE_OUTIL;[nom];;;;;;;;;;;;;;;;;;;;;;;;;;;;;;;;;;;
REPRISE_AGRIW;[bool];;;;;;;;;;;;;;;;;;;;;;;;;;;;;;;;;;;
REPRISE_NB_SOUS_PERIODES;[NA];;;;;;;;;;;;;;;;;;;;;;;;;;;;;;;;;;;
REPRISE_TEMPS;[Ha/h];;;;;;;;;;;;;;;;;;;;;;;;;;;;;;;;;;;
REPRISE_DEBUT;[jour];;;;;;;;;;;;;;;;;;;;;;;;;;;;;;;;;;;
REPRISE_FIN;[jour];;;;;;;;;;;;;;;;;;;;;;;;;;;;;;;;;;;
REPRISE_JOURS_P-ETP_MIN;[jour];;;;;;;;;;;;;;;;;;;;;;;;;;;;;;;;;;;
REPRISE_P-ETP_MIN;[mm];;;;;;;;;;;;;;;;;;;;;;;;;;;;;;;;;;;
REPRISE_JOURS_PLUIE;[jour];;;;;;;;;;;;;;;;;;;;;;;;;;;;;;;;;;;
REPRISE_HAUTEURS_PLUIE_MAX;[mm];;;;;;;;;;;;;;;;;;;;;;;;;;;;;;;;;;;
REPRISE_HUMIDITE_SOL_MAX;[%];;;;;;;;;;;;;;;;;;;;;;;;;;;;;;;;;;;
REPRISE_EFFET_RUs;[NA];;;;;;;;;;;;;;;;;;;;;;;;;;;;;;;;;;;
REPRISE_TEMPERATURE_MIN;[C];N;;;;;;;;;;;;;;;;;;;;;;;;;;;;;;;;;;
REPRISE_JOURS_TEMP_MIN;[jour];N;;;;;;;;;;;;;;;;;;;;;;;;;;;;;;;;;;
REPRISE_TEMPERATURE_MAX;[C];N;;;;;;;;;;;;;;;;;;;;;;;;;;;;;;;;;;
REPRISE_JOURS_TEMP_MAX;[jour];N;;;;;;;;;;;;;;;;;;;;;;;;;;;;;;;;;;
REPRISE_TEMPERATURE_MAX_INF;[C];N;;;;;;;;;;;;;;;;;;;;;;;;;;;;;;;;;;
REPRISE_JOURS_TEMP_MAX_INF;[jour];N;;;;;;;;;;;;;;;;;;;;;;;;;;;;;;;;;;
REPRISE_TEMPERATURE_MIN;[C];N;;;;;;;;;;;;;;;;;;;;;;;;;;;;;;;;;;
REPRISE_JOURS_TEMP_MIN;[jour];N;;;;;;;;;;;;;;;;;;;;;;;;;;;;;;;;;;
REPRISE_TEMPERATURE_MAX;[C];N;;;;;;;;;;;;;;;;;;;;;;;;;;;;;;;;;;
REPRISE_JOURS_TEMP_MAX;[jour];N;;;;;;;;;;;;;;;;;;;;;;;;;;;;;;;;;;
REPRISE_TEMPERATURE_MAX_INF;[C];N;;;;;;;;;;;;;;;;;;;;;;;;;;;;;;;;;;
REPRISE_JOURS_TEMP_MAX_INF;[jour];N;;;;;;;;;;;;;;;;;;;;;;;;;;;;;;;;;;
IS_SEMIS;[NA];O;O;O;O;O;O;O;O;O;O;O;O;O;O;O;O;O;O;O;O;O;O;O;O;O;O;O;O;O;O;O;O;O;O;O
SEMIS_PASSAGES;[NA];;;;;;;;;;;;;;;;;;;;;;;;;;;;;;;;;;;
SEMIS_OUTIL;[nom];;;;;;;;;;;;;;;;;;;;;;;;;;;;;;;;;;;
SEMIS_AGRIW;[bool];;;;;;;;;;;;;;;;;;;;;;;;;;;;;;;;;;;
SEMIS_TEMPS;[Ha/h];1000;;;;;;;;;;;;;;;;;;;;;;;;;;;;;;;;;;
SEMIS_NB_SOUS_PERIODES;[NA];1;;;;;;;;;;;;;;;;;;;;;;;;;;;;;;;;;;
SEMIS_DEBUT;[jour];10;152;152;152;152;152;152;152;152;152;152;152;152;152;152;152;152;152;152;152;152;152;152;152;152;152;152;152;152;152;152;152;152;152;152
SEMIS_FIN;[jour];20;181;181;181;181;181;181;181;181;181;181;181;181;181;181;181;181;181;181;181;181;181;181;181;181;181;181;181;181;181;181;181;181;181;181
SEMIS_JOURS_PLUIE;[jour];;;;;;;;;;;;;;;;;;;;;;;;;;;;;;;;;;;
SEMIS_HAUTEURS_PLUIE_MAX;[mm];;;;;;;;;;;;;;;;;;;;;;;;;;;;;;;;;;;
SEMIS_HUMIDITE_SOL_MAX;[%];;;;;;;;;;;;;;;;;;;;;;;;;;;;;;;;;;;
SEMIS_EFFET_RUs;[?];;;;;;;;;;;;;;;;;;;;;;;;;;;;;;;;;;;
SEMIS_OPERATEUR;[NA];;;;;;;;;;;;;;;;;;;;;;;;;;;;;;;;;;;
SEMIS_TEMPERATURE_MIN;[C];N;;;;;;;;;;;;;;;;;;;;;;;;;;;;;;;;;;
SEMIS_JOURS_TEMP_MIN;[jour];N;;;;;;;;;;;;;;;;;;;;;;;;;;;;;;;;;;
SEMIS_TEMPERATURE_MAX;[C];N;;;;;;;;;;;;;;;;;;;;;;;;;;;;;;;;;;
SEMIS_JOURS_TEMP_MAX;[jour];N;;;;;;;;;;;;;;;;;;;;;;;;;;;;;;;;;;
SEMIS_TEMPERATURE_MAX_INF;[C];N;;;;;;;;;;;;;;;;;;;;;;;;;;;;;;;;;;
SEMIS_JOURS_TEMP_MAX_INF;[jour];N;;;;;;;;;;;;;;;;;;;;;;;;;;;;;;;;;;
SEMIS_CUMUL_PLUIE;[mm];;20;20;20;20;;;;;20;;;;20;;20;20;;;20;;;20;;;;20;;20;20;;;20;;20
SEMIS_N_J_CUMUL_PLUIE;[jour];;1;1;1;1;;;;;1;;;;1;;1;1;;;1;;;1;;;;1;;1;1;;;1;;1
IS_BINAGE;[NA];N;N;N;N;N;N;N;N;N;N;N;N;N;N;N;N;N;N;N;N;N;N;N;N;N;N;N;N;N;N;N;N;N;N;N
BINAGE_PASSAGES;[NA];;;;;;;;;;;;;;;;;;;;;;;;;;;;;;;;;;;
BINAGE_OUTIL;[nom];;;;;;;;;;;;;;;;;;;;;;;;;;;;;;;;;;;
BINAGE_AGRIW;[bool];;;;;;;;;;;;;;;;;;;;;;;;;;;;;;;;;;;
BINAGE_TEMPS;[Ha/h];;;;;;;;;;;;;;;;;;;;;;;;;;;;;;;;;;;
BINAGE_NB_SOUS_PERIODES;[NA];;;;;;;;;;;;;;;;;;;;;;;;;;;;;;;;;;;
BINAGE_DEBUT;[jour];;;;;;;;;;;;;;;;;;;;;;;;;;;;;;;;;;;
BINAGE_FIN;[jour];;;;;;;;;;;;;;;;;;;;;;;;;;;;;;;;;;;
BINAGE_ECHV_MIN;[%];;;;;;;;;;;;;;;;;;;;;;;;;;;;;;;;;;;
BINAGE_HUMIDITE_SOL_MAX;[%];;;;;;;;;;;;;;;;;;;;;;;;;;;;;;;;;;;
BINAGE_EFFET_RUs;[NA];;;;;;;;;;;;;;;;;;;;;;;;;;;;;;;;;;;
BINAGE_TEMPERATURE_MIN;[C];N;;;;;;;;;;;;;;;;;;;;;;;;;;;;;;;;;;
BINAGE_JOURS_TEMP_MIN;[jour];N;;;;;;;;;;;;;;;;;;;;;;;;;;;;;;;;;;
BINAGE_TEMPERATURE_MAX;[C];N;;;;;;;;;;;;;;;;;;;;;;;;;;;;;;;;;;
BINAGE_JOURS_TEMP_MAX;[jour];N;;;;;;;;;;;;;;;;;;;;;;;;;;;;;;;;;;
BINAGE_TEMPERATURE_MAX_INF;[C];N;;;;;;;;;;;;;;;;;;;;;;;;;;;;;;;;;;
BINAGE_JOURS_TEMP_MAX_INF;[jour];N;;;;;;;;;;;;;;;;;;;;;;;;;;;;;;;;;;
IS_RECOLTE;[NA];O;O;O;O;O;O;O;O;O;O;O;O;O;O;O;O;O;O;O;O;O;O;O;O;O;O;O;O;O;O;O;O;O;O;O
RECOLTE_PASSAGES;[NA];;;;;;;;;;;;;;;;;;;;;;;;;;;;;;;;;;;
RECOLTE_OUTIL;[nom];;;;;;;;;;;;;;;;;;;;;;;;;;;;;;;;;;;
RECOLTE_AGRIW;[bool];;;;;;;;;;;;;;;;;;;;;;;;;;;;;;;;;;;
RECOLTE_TEMPS;[Ha/h];1000;0.0179;0.0179;0.0179;0.0179;0.0179;0.0179;0.0179;0.0179;0.0179;0.0179;0.0179;0.0179;0.0179;0.0179;0.0179;0.0179;0.0179;0.0179;0.0179;0.0179;0.0179;0.0179;0.0179;0.0179;0.0179;0.0179;0.0179;0.0179;0.0179;0.0179;0.0179;0.0179;0.0179;0.0179
RECOLTE_TEMPS_INTERNE;;N;;;;;;;;;;;;;;;;;;;;;;;;;;;;;;;;;;
RECOLTE_NB_SOUS_PERIODES;[NA];1;;;;;;;;;;;;;;;;;;;;;;;;;;;;;;;;;;
RECOLTE_DEBUT;[jour];1;258;258;258;258;258;258;258;258;258;258;258;258;258;258;258;258;258;258;258;258;258;258;258;258;258;258;258;258;258;258;258;258;258;258
RECOLTE_FIN;[jour];366;288;288;288;288;288;288;288;288;288;288;288;288;288;288;288;288;288;288;288;288;288;288;288;288;288;288;288;288;288;288;288;288;288;288
RECOLTE_ECHV_MIN;[mm];;;;;;;;;;;;;;;;;;;;;;;;;;;;;;;;;;;
RECOLTE_JOURS_PLUIE;[jour];;;;;;;;;;;;;;;;;;;;;;;;;;;;;;;;;;;
RECOLTE_HAUTEURS_PLUIE_MAX;[mm];;;;;;;;;;;;;;;;;;;;;;;;;;;;;;;;;;;
RECOLTE_HUMIDITE_SOL_MAX;[%];;;;;;;;;;;;;;;;;;;;;;;;;;;;;;;;;;;
RECOLTE_EFFET_RUs;[?];;;;;;;;;;;;;;;;;;;;;;;;;;;;;;;;;;;
RECOLTE_OPERATEUR;[NA];;;;;;;;;;;;;;;;;;;;;;;;;;;;;;;;;;;
RECOLTE_TEMPERATURE_MIN;[C];N;;;;;;;;;;;;;;;;;;;;;;;;;;;;;;;;;;
RECOLTE_JOURS_TEMP_MIN;[jour];N;;;;;;;;;;;;;;;;;;;;;;;;;;;;;;;;;;
RECOLTE_TEMPERATURE_MAX;[C];N;;;;;;;;;;;;;;;;;;;;;;;;;;;;;;;;;;
RECOLTE_JOURS_TEMP_MAX;[jour];N;;;;;;;;;;;;;;;;;;;;;;;;;;;;;;;;;;
RECOLTE_TEMPERATURE_MAX_INF;[C];N;;;;;;;;;;;;;;;;;;;;;;;;;;;;;;;;;;
RECOLTE_JOURS_TEMP_MAX_INF;[jour];N;;;;;;;;;;;;;;;;;;;;;;;;;;;;;;;;;;
IS_IRRIGATION;[NA];N;N;N;N;N;N;N;N;N;N;N;N;N;N;N;N;N;N;N;N;N;N;N;N;N;N;N;N;N;N;N;N;N;N;N
IRRIGATION_PASSAGES;[NA];;;;;;;;;;;;;;;;;;;;;;;;;;;;;;;;;;;
IRRIGATION_OUTIL;[nom];;;;;;;;;;;;;;;;;;;;;;;;;;;;;;;;;;;
IRRIGATION_AGRIW;[bool];;;;;;;;;;;;;;;;;;;;;;;;;;;;;;;;;;;
IRRIGATION_TD;[jours];;;;;;;;;;;;;;;;;;;;;;;;;;;;;;;;;;;
IRRIGATION_DOSE;[mm];;;;;;;;;;;;;;;;;;;;;;;;;;;;;;;;;;;
IRRIGATION_NB_SOUS_PERIODES;[NA];;;;;;;;;;;;;;;;;;;;;;;;;;;;;;;;;;;
IRRIGATION_DEBUT;[jour];;;;;;;;;;;;;;;;;;;;;;;;;;;;;;;;;;;
IRRIGATION_FIN;[jour];;;;;;;;;;;;;;;;;;;;;;;;;;;;;;;;;;;
IRRIGATION_ECHV_DEBUT;[echV];;;;;;;;;;;;;;;;;;;;;;;;;;;;;;;;;;;
IRRIGATION_ECHV_FIN;[echV];;;;;;;;;;;;;;;;;;;;;;;;;;;;;;;;;;;
IRRIGATION_JOURS_PLUIE_CUMUL;[jour];;;;;;;;;;;;;;;;;;;;;;;;;;;;;;;;;;;
IRRIGATION_HAUTEUR_PLUIE_CUMUL_ANNULATION;[mm];;;;;;;;;;;;;;;;;;;;;;;;;;;;;;;;;;;
IRRIGATION_JOURS_PLUIE_SIGNIF;[jour];;;;;;;;;;;;;;;;;;;;;;;;;;;;;;;;;;;
IRRIGATION_HAUTEUR_PLUIE_SIGNIF_REPORT;[mm];;;;;;;;;;;;;;;;;;;;;;;;;;;;;;;;;;;
IRRIGATION_JOURS_PLUIE_PREVUES;[jour];;;;;;;;;;;;;;;;;;;;;;;;;;;;;;;;;;;
IRRIGATION_HAUTEURS_PLUIE_PREVUES_MIN;[mm];;;;;;;;;;;;;;;;;;;;;;;;;;;;;;;;;;;
IRRIGATION_JOURS_P-ETP;[jour];;;;;;;;;;;;;;;;;;;;;;;;;;;;;;;;;;;
IRRIGATION_P-ETP_MAX;[mm];;;;;;;;;;;;;;;;;;;;;;;;;;;;;;;;;;;
IRRIGATION_HUMIDITE_SOL_MAX;[%];;;;;;;;;;;;;;;;;;;;;;;;;;;;;;;;;;;
IRRIGATION_IS_THEORIQUE;[NA];;;;;;;;;;;;;;;;;;;;;;;;;;;;;;;;;;;
IRRIGATION_SIRR1;[?];;;;;;;;;;;;;;;;;;;;;;;;;;;;;;;;;;;
IRRIGATION_SIRR2;[?];;;;;;;;;;;;;;;;;;;;;;;;;;;;;;;;;;;
IRRIGATION_SIRR3;[?];;;;;;;;;;;;;;;;;;;;;;;;;;;;;;;;;;;
IRRIGATION_OPERATEUR;[NA];;;;;;;;;;;;;;;;;;;;;;;;;;;;;;;;;;;
IRRIGATION_REPORT_MAX;[jour];;;;;;;;;;;;;;;;;;;;;;;;;;;;;;;;;;;
IRRIGATION_GROUPE;[];;;;;;;;;;;;;;;;;;;;;;;;;;;;;;;;;;;
IRRIGATION_TEMPERATURE_MIN;[C];N;;;;;;;;;;;;;;;;;;;;;;;;;;;;;;;;;;
IRRIGATION_JOURS_TEMP_MIN;[jour];N;;;;;;;;;;;;;;;;;;;;;;;;;;;;;;;;;;
IRRIGATION_TEMPERATURE_MAX;[C];N;;;;;;;;;;;;;;;;;;;;;;;;;;;;;;;;;;
IRRIGATION_JOURS_TEMP_MAX;[jour];N;;;;;;;;;;;;;;;;;;;;;;;;;;;;;;;;;;
IRRIGATION_TEMPERATURE_MAX_INF;[C];N;;;;;;;;;;;;;;;;;;;;;;;;;;;;;;;;;;
IRRIGATION_JOURS_TEMP_MAX_INF;[jour];N;;;;;;;;;;;;;;;;;;;;;;;;;;;;;;;;;;
IS_FERTI;[?];;N;N;N;N;N;N;N;N;N;N;N;N;N;N;N;N;N;N;N;N;N;N;N;N;N;N;N;N;N;N;N;N;N;N
FERTI_PASSAGES;[NA];;;;;;;;;;;;;;;;;;;;;;;;;;;;;;;;;;;
FERTI_OUTIL;[nom];;;;;;;;;;;;;;;;;;;;;;;;;;;;;;;;;;;
FERTI_AGRIW;[bool];;;;;;;;;;;;;;;;;;;;;;;;;;;;;;;;;;;
FERTI_NB_SOUS_PERIODES;[?];;;;;;;;;;;;;;;;;;;;;;;;;;;;;;;;;;;
FERTI_TEMPS;[ha/h];;;;;;;;;;;;;;;;;;;;;;;;;;;;;;;;;;;
FERTI_DEBUT;[jour];;;;;;;;;;;;;;;;;;;;;;;;;;;;;;;;;;;
FERTI_FIN;[jour];;;;;;;;;;;;;;;;;;;;;;;;;;;;;;;;;;;
FERTI_DOSE/Ha;[kg/ha];;;;;;;;;;;;;;;;;;;;;;;;;;;;;;;;;;;
FERTI_JOURS_PLUIE_OBS_MIN;[jour];;;;;;;;;;;;;;;;;;;;;;;;;;;;;;;;;;;
FERTI_HAUTEURS_PLUIE_OBS_MIN;[mm];;;;;;;;;;;;;;;;;;;;;;;;;;;;;;;;;;;
FERTI_ECHV_DEBUT;[echV];;;;;;;;;;;;;;;;;;;;;;;;;;;;;;;;;;;
FERTI_ECHV_FIN;[echV];;;;;;;;;;;;;;;;;;;;;;;;;;;;;;;;;;;
FERTI_TEMPERATURE_MIN;[C];N;;;;;;;;;;;;;;;;;;;;;;;;;;;;;;;;;;
FERTI_JOURS_TEMP_MIN;[jour];N;;;;;;;;;;;;;;;;;;;;;;;;;;;;;;;;;;
FERTI_TEMPERATURE_MAX;[C];N;;;;;;;;;;;;;;;;;;;;;;;;;;;;;;;;;;
FERTI_JOURS_TEMP_MAX;[jour];N;;;;;;;;;;;;;;;;;;;;;;;;;;;;;;;;;;
FERTI_TEMPERATURE_MAX_INF;[C];N;;;;;;;;;;;;;;;;;;;;;;;;;;;;;;;;;;
FERTI_JOURS_TEMP_MAX_INF;[jour];N;;;;;;;;;;;;;;;;;;;;;;;;;;;;;;;;;;
IS_PHYTO;[?];;N;N;N;N;N;N;N;N;N;N;N;N;N;N;N;N;N;N;N;N;N;N;N;N;N;N;N;N;N;N;N;N;N;N
PHYTO_PASSAGES;[NA];;;;;;;;;;;;;;;;;;;;;;;;;;;;;;;;;;;
PHYTO_OUTIL;[nom];;;;;;;;;;;;;;;;;;;;;;;;;;;;;;;;;;;
PHYTO_AGRIW;[bool];;;;;;;;;;;;;;;;;;;;;;;;;;;;;;;;;;;
PHYTO_TEMPS;[Ha/h];;;;;;;;;;;;;;;;;;;;;;;;;;;;;;;;;;;
PHYTO_DOSE/Ha;[dose/Ha];;;;;;;;;;;;;;;;;;;;;;;;;;;;;;;;;;;
PHYTO_NB_SOUS_PERIODES;[?];;;;;;;;;;;;;;;;;;;;;;;;;;;;;;;;;;;
PHYTO_DEBUT;[jour];;;;;;;;;;;;;;;;;;;;;;;;;;;;;;;;;;;
PHYTO_FIN;[jour];;;;;;;;;;;;;;;;;;;;;;;;;;;;;;;;;;;
PHYTO_HUMIDITE_SOL_MAX;[%];;;;;;;;;;;;;;;;;;;;;;;;;;;;;;;;;;;
PHYTO_JOURS_PLUIE_OBS;[jour];;;;;;;;;;;;;;;;;;;;;;;;;;;;;;;;;;;
PHYTO_HAUTEURS_PLUIE_OBS_MIN;[mm];;;;;;;;;;;;;;;;;;;;;;;;;;;;;;;;;;;
PHYTO_JOURS_PLUIE_PREVUES;[jour];;;;;;;;;;;;;;;;;;;;;;;;;;;;;;;;;;;
PHYTO_HAUTEURS_PLUIE_PREVUES_MIN;[mm];;;;;;;;;;;;;;;;;;;;;;;;;;;;;;;;;;;
PHYTO_TEMPERATURE_MIN;[C];N;;;;;;;;;;;;;;;;;;;;;;;;;;;;;;;;;;
PHYTO_JOURS_TEMP_MIN;[jour];N;;;;;;;;;;;;;;;;;;;;;;;;;;;;;;;;;;
PHYTO_TEMPERATURE_MAX;[C];N;;;;;;;;;;;;;;;;;;;;;;;;;;;;;;;;;;
PHYTO_JOURS_TEMP_MAX;[jour];N;;;;;;;;;;;;;;;;;;;;;;;;;;;;;;;;;;
PHYTO_TEMPERATURE_MAX_INF;[C];N;;;;;;;;;;;;;;;;;;;;;;;;;;;;;;;;;;
PHYTO_JOURS_TEMP_MAX_INF;[jour];N;;;;;;;;;;;;;;;;;;;;;;;;;;;;;;;;;;
PHYTO_JOURS_HYGROMETERIE;[jour];N;;;;;;;;;;;;;;;;;;;;;;;;;;;;;;;;;;
PHYTO_HYGROMETERIE;[pourcentage];N;;;;;;;;;;;;;;;;;;;;;;;;;;;;;;;;;;
IS_PREPA_2;;;N;N;N;N;N;N;N;N;N;N;N;N;N;N;N;N;N;N;N;N;N;N;N;N;N;N;N;N;N;N;N;N;N;N
PREPA_PASSAGES_2;;;;;;;;;;;;;;;;;;;;;;;;;;;;;;;;;;;;
PREPA_OUTIL_2;;;;;;;;;;;;;;;;;;;;;;;;;;;;;;;;;;;;
PREPA_AGRIW_2;;;;;;;;;;;;;;;;;;;;;;;;;;;;;;;;;;;;
PREPA_NB_SOUS_PERIODES_2;;;;;;;;;;;;;;;;;;;;;;;;;;;;;;;;;;;;
PREPA_TEMPS_2;;;;;;;;;;;;;;;;;;;;;;;;;;;;;;;;;;;;
PREPA_DEBUT_2;;;;;;;;;;;;;;;;;;;;;;;;;;;;;;;;;;;;
PREPA_FIN_2;;;;;;;;;;;;;;;;;;;;;;;;;;;;;;;;;;;;
PREPA_JOURS_P-ETP_MIN_2;;;;;;;;;;;;;;;;;;;;;;;;;;;;;;;;;;;;
PREPA_P-ETP_MIN_2;;;;;;;;;;;;;;;;;;;;;;;;;;;;;;;;;;;;
PREPA_JOURS_PLUIE_2;;;;;;;;;;;;;;;;;;;;;;;;;;;;;;;;;;;;
PREPA_HAUTEURS_PLUIE_MAX_2;;;;;;;;;;;;;;;;;;;;;;;;;;;;;;;;;;;;
PREPA_HUMIDITE_SOL_MAX_2;;;;;;;;;;;;;;;;;;;;;;;;;;;;;;;;;;;;
PREPA_EFFET_RUs_2;;;;;;;;;;;;;;;;;;;;;;;;;;;;;;;;;;;;
PREPA_TEMPERATURE_MIN_2;;;;;;;;;;;;;;;;;;;;;;;;;;;;;;;;;;;;
PREPA_JOURS_TEMP_MIN_2;;;;;;;;;;;;;;;;;;;;;;;;;;;;;;;;;;;;
PREPA_TEMPERATURE_MAX_2;;;;;;;;;;;;;;;;;;;;;;;;;;;;;;;;;;;;
PREPA_JOURS_TEMP_MAX_2;;;;;;;;;;;;;;;;;;;;;;;;;;;;;;;;;;;;
PREPA_TEMPERATURE_MAX_INF_2;;;;;;;;;;;;;;;;;;;;;;;;;;;;;;;;;;;;
PREPA_JOURS_TEMP_MAX_INF_2;;;;;;;;;;;;;;;;;;;;;;;;;;;;;;;;;;;;
IS_PREPA_3;;;N;N;N;N;N;N;N;N;N;N;N;N;N;N;N;N;N;N;N;N;N;N;N;N;N;N;N;N;N;N;N;N;N;N
PREPA_PASSAGES_3;;;;;;;;;;;;;;;;;;;;;;;;;;;;;;;;;;;;
PREPA_OUTIL_3;;;;;;;;;;;;;;;;;;;;;;;;;;;;;;;;;;;;
PREPA_AGRIW_3;;;;;;;;;;;;;;;;;;;;;;;;;;;;;;;;;;;;
PREPA_NB_SOUS_PERIODES_3;;;;;;;;;;;;;;;;;;;;;;;;;;;;;;;;;;;;
PREPA_TEMPS_3;;;;;;;;;;;;;;;;;;;;;;;;;;;;;;;;;;;;
PREPA_DEBUT_3;;;;;;;;;;;;;;;;;;;;;;;;;;;;;;;;;;;;
PREPA_FIN_3;;;;;;;;;;;;;;;;;;;;;;;;;;;;;;;;;;;;
PREPA_JOURS_P-ETP_MIN_3;;;;;;;;;;;;;;;;;;;;;;;;;;;;;;;;;;;;
PREPA_P-ETP_MIN_3;;;;;;;;;;;;;;;;;;;;;;;;;;;;;;;;;;;;
PREPA_JOURS_PLUIE_3;;;;;;;;;;;;;;;;;;;;;;;;;;;;;;;;;;;;
PREPA_HAUTEURS_PLUIE_MAX_3;;;;;;;;;;;;;;;;;;;;;;;;;;;;;;;;;;;;
PREPA_HUMIDITE_SOL_MAX_3;;;;;;;;;;;;;;;;;;;;;;;;;;;;;;;;;;;;
PREPA_EFFET_RUs_3;;;;;;;;;;;;;;;;;;;;;;;;;;;;;;;;;;;;
PREPA_TEMPERATURE_MIN_3;;;;;;;;;;;;;;;;;;;;;;;;;;;;;;;;;;;;
PREPA_JOURS_TEMP_MIN_3;;;;;;;;;;;;;;;;;;;;;;;;;;;;;;;;;;;;
PREPA_TEMPERATURE_MAX_3;;;;;;;;;;;;;;;;;;;;;;;;;;;;;;;;;;;;
PREPA_JOURS_TEMP_MAX_3;;;;;;;;;;;;;;;;;;;;;;;;;;;;;;;;;;;;
PREPA_TEMPERATURE_MAX_INF_3;;;;;;;;;;;;;;;;;;;;;;;;;;;;;;;;;;;;
PREPA_JOURS_TEMP_MAX_INF_3;;;;;;;;;;;;;;;;;;;;;;;;;;;;;;;;;;;;
IS_RECOLTE_2;;;N;N;N;N;N;N;N;N;N;N;N;N;N;N;N;N;N;N;N;N;N;N;N;N;N;N;N;N;N;N;N;N;N;N
RECOLTE_PASSAGES_2;;;;;;;;;;;;;;;;;;;;;;;;;;;;;;;;;;;;
RECOLTE_OUTIL_2;;;;;;;;;;;;;;;;;;;;;;;;;;;;;;;;;;;;
RECOLTE_AGRIW_2;;;;;;;;;;;;;;;;;;;;;;;;;;;;;;;;;;;;
RECOLTE_TEMPS_2;;;;;;;;;;;;;;;;;;;;;;;;;;;;;;;;;;;;
RECOLTE_TEMPS_INTERNE_2;;;;;;;;;;;;;;;;;;;;;;;;;;;;;;;;;;;;
RECOLTE_NB_SOUS_PERIODES_2;;;;;;;;;;;;;;;;;;;;;;;;;;;;;;;;;;;;
RECOLTE_DEBUT_2;;;;;;;;;;;;;;;;;;;;;;;;;;;;;;;;;;;;
RECOLTE_FIN_2;;;;;;;;;;;;;;;;;;;;;;;;;;;;;;;;;;;;
RECOLTE_ECHV_MIN_2;;;;;;;;;;;;;;;;;;;;;;;;;;;;;;;;;;;;
RECOLTE_JOURS_PLUIE_2;;;;;;;;;;;;;;;;;;;;;;;;;;;;;;;;;;;;
RECOLTE_HAUTEURS_PLUIE_MAX_2;;;;;;;;;;;;;;;;;;;;;;;;;;;;;;;;;;;;
RECOLTE_HUMIDITE_SOL_MAX_2;;;;;;;;;;;;;;;;;;;;;;;;;;;;;;;;;;;;
RECOLTE_EFFET_RUs_2;;;;;;;;;;;;;;;;;;;;;;;;;;;;;;;;;;;;
RECOLTE_OPERATEUR_2;;;;;;;;;;;;;;;;;;;;;;;;;;;;;;;;;;;;
RECOLTE_TEMPERATURE_MIN_2;;;;;;;;;;;;;;;;;;;;;;;;;;;;;;;;;;;;
RECOLTE_JOURS_TEMP_MIN_2;;;;;;;;;;;;;;;;;;;;;;;;;;;;;;;;;;;;
RECOLTE_TEMPERATURE_MAX_2;;;;;;;;;;;;;;;;;;;;;;;;;;;;;;;;;;;;
RECOLTE_JOURS_TEMP_MAX_2;;;;;;;;;;;;;;;;;;;;;;;;;;;;;;;;;;;;
RECOLTE_TEMPERATURE_MAX_INF_2;;;;;;;;;;;;;;;;;;;;;;;;;;;;;;;;;;;;
RECOLTE_JOURS_TEMP_MAX_INF_2;;;;;;;;;;;;;;;;;;;;;;;;;;;;;;;;;;;;
IS_RECOLTE_3;;;N;N;N;N;N;N;N;N;N;N;N;N;N;N;N;N;N;N;N;N;N;N;N;N;N;N;N;N;N;N;N;N;N;N
RECOLTE_PASSAGES_3;;;;;;;;;;;;;;;;;;;;;;;;;;;;;;;;;;;;
RECOLTE_OUTIL_3;;;;;;;;;;;;;;;;;;;;;;;;;;;;;;;;;;;;
RECOLTE_AGRIW_3;;;;;;;;;;;;;;;;;;;;;;;;;;;;;;;;;;;;
RECOLTE_TEMPS_3;;;;;;;;;;;;;;;;;;;;;;;;;;;;;;;;;;;;
RECOLTE_TEMPS_INTERNE_3;;;;;;;;;;;;;;;;;;;;;;;;;;;;;;;;;;;;
RECOLTE_NB_SOUS_PERIODES_3;;;;;;;;;;;;;;;;;;;;;;;;;;;;;;;;;;;;
RECOLTE_DEBUT_3;;;;;;;;;;;;;;;;;;;;;;;;;;;;;;;;;;;;
RECOLTE_FIN_3;;;;;;;;;;;;;;;;;;;;;;;;;;;;;;;;;;;;
RECOLTE_ECHV_MIN_3;;;;;;;;;;;;;;;;;;;;;;;;;;;;;;;;;;;;
RECOLTE_JOURS_PLUIE_3;;;;;;;;;;;;;;;;;;;;;;;;;;;;;;;;;;;;
RECOLTE_HAUTEURS_PLUIE_MAX_3;;;;;;;;;;;;;;;;;;;;;;;;;;;;;;;;;;;;
RECOLTE_HUMIDITE_SOL_MAX_3;;;;;;;;;;;;;;;;;;;;;;;;;;;;;;;;;;;;
RECOLTE_EFFET_RUs_3;;;;;;;;;;;;;;;;;;;;;;;;;;;;;;;;;;;;
RECOLTE_OPERATEUR_3;;;;;;;;;;;;;;;;;;;;;;;;;;;;;;;;;;;;
RECOLTE_TEMPERATURE_MIN_3;;;;;;;;;;;;;;;;;;;;;;;;;;;;;;;;;;;;
RECOLTE_JOURS_TEMP_MIN_3;;;;;;;;;;;;;;;;;;;;;;;;;;;;;;;;;;;;
RECOLTE_TEMPERATURE_MAX_3;;;;;;;;;;;;;;;;;;;;;;;;;;;;;;;;;;;;
RECOLTE_JOURS_TEMP_MAX_3;;;;;;;;;;;;;;;;;;;;;;;;;;;;;;;;;;;;
RECOLTE_TEMPERATURE_MAX_INF_3;;;;;;;;;;;;;;;;;;;;;;;;;;;;;;;;;;;;
RECOLTE_JOURS_TEMP_MAX_INF_3;;;;;;;;;;;;;;;;;;;;;;;;;;;;;;;;;;;;
